Index,Keyword,Tweets

0,machine learning,Interviewer What 's biggest strength Me Expert Machine learning Interviewer What 's 9 10 Me 5 Interviewer

1,machine learning,Using Machine Learning learn compress

2,machine learning,Bringing machine learning marketing CAN improve business results Here 's

3,machine learning,Fundamentals Statistical Machine Learning newly established group Turing Data Centric Engineering led

4,machine learning,Do Machine Learning AI Go Hand-in-Hand Digital Transformation key ingredients

5,machine learning,"FEATURED The 2019 Complete Data Science Bootcamp Best Seller 144,730 students en"

6,machine learning,Interviewer What 's biggest strength Me Expert Machine learning Interviewer What 's 9 10 Me 5 Interviewer

7,machine learning,We looking Lecturer Associate Professor Machine Learning UCL If interested please apply deadl

8,machine learning,Interviewer What 's biggest strength Me Expert Machine learning Interviewer What 's 9 10 Me 5 Interviewer

9,machine learning,Literally would consider buying

10,machine learning,Excited share amp I writing book computing systems Summary Machine learning need

11,machine learning,Interviewer What biggest strength Me Machine Learning Interviewer What 6 9 Me 0 Interviewer Inc

12,machine learning,A list biggest machine learning datasets across web Nikola Plesa

13,machine learning,Machine Learning Signal Processing Data Science Algorithms Computational Statistics

14,machine learning,Interviewer What 's biggest strength Me Expert Machine learning Interviewer What 's 9 10 Me 5 Interviewer

15,machine learning,DataScienceCtrl A guide using Wavelet Transform Machine Learning

16,machine learning,Predictive Maintenance Service machine learning extension A Python Example

17,machine learning,Ossiam World ESG Machine Learning UCITS ETF 1A USD Net Asset Value

18,machine learning,Ossiam World ESG Machine Learning UCITS ETF 1A USD Net Asset Value

19,machine learning,Our paper Automation Active Space Selection Multireference Methods via Machine Learning Chemical Bond

20,machine learning,Machine Learning Python Cookbook Practical Solutions Preprocessing Deep Learning

21,machine learning,Machine Learning Beginners Absolute Beginner 's Guide Understanding Machine Learning Artificial Intelligenc

22,machine learning,How future shape strategy today Find free available on-demand http

23,machine learning,Why hype takes back seat theory

24,machine learning,A list biggest machine learning datasets across web Nikola Plesa

25,machine learning,A machine learning algorithm distinguishes true glioblastoma progression pseudoprogression MRI accuracy

26,machine learning,How design models malicious network detection via

27,machine learning,Use AI Machine Learning prevent 95 network outages Blue Planet 's new Proactive Network Operations

28,machine learning,Use AI Machine Learning prevent 95 network outages Blue Planet 's new Proactive Network Operations

29,machine learning,A list biggest machine learning datasets across web Nikola Plesa

30,machine learning,Why hype takes back seat theory

31,machine learning,Interviewer What 's biggest strength Me Expert Machine learning Interviewer What 's 9 10 Me 5 Interviewer

32,machine learning,Udemy Free Discount Mathematical Foundation For Machine Learning AI gt

33,machine learning,A guide using Wavelet Transform Machine Learning

34,machine learning,Udemy Free Discount Mathematical Foundation For Machine Learning AI gt

35,machine learning,Recorder new audio app leverages state-of-the-art on-device transcribe conversation

36,machine learning,We looking Lecturer Associate Professor Machine Learning UCL If interested please apply deadl

37,machine learning,Interviewer What 's biggest strength Me Expert Machine learning Interviewer What 's 9 10 Me 5 Interviewer

38,machine learning,At Tackling Climate Change workshop year NeurIPS conference top minds machine learning

39,machine learning,I first got onto Wittgenstein I devoured book aesthetics opinionative essay whether gam

40,machine learning,At Tackling Climate Change workshop year NeurIPS conference top minds machine learnin

41,machine learning,How deploy machine learning model using flask

42,machine learning,6 Ways Machine Learning Is Impacting Millennial Marketing

43,machine learning,These average corporate salaries top Indian cities `` There huge demand-supply gap Artificia

44,machine learning,We develop type mobile app sets products

45,machine learning,In project machine-learning software fed Beethoven 's work composing possible contin

46,machine learning,With neural net 8bit controller limited ram An old-school way Cool How Gesture identification throug

47,machine learning,goal Returning physics calculus studies Machine learning next step 10 years

48,machine learning,TensorFlow.js Bringing Machine Learning Web Beyond

49,machine learning,Want know 3 marketing myths Google busted year Video data machine learning part myt

0,alphago,`` When Google AlphaGo defeated Lee Sedol world best Go player 2016 ... Lee simply ... left ro

1,alphago,Would replaced 's delivered helped install AlphaGo garden sent heart failure

2,alphago,Would replaced 's delivered helped install AlphaGo garden sent heart failure

3,alphago,There ZERO injustice indefinitely delaying vote formally serv

4,alphago,Game Changer simply best book I 've read year It 's one exciting stories ever

5,alphago,know probably n't consider Ha Seokjin member Korean 's brainiacs An al

6,alphago,AlphaGo vs. AlphaGo Michael Redmond 9p Game 32 via

7,alphago,Human vs. AI Board Game Champ Who Surrendered Google Beats AI Surprise Game

8,alphago,My favorite board game go Wei Chi 's oldest continually played game worl

9,alphago,From last night reading _The Girl Who Played Go_ Ms11 assessment She play

10,alphago,There 's lot cool work 80s 90s could benefit deep

11,alphago,So I watched talks Methinks given success AlphaGo etc fast path applications via

12,alphago,Google 's AI AlphaGo Is Beating Humanity At Its Own Games HBO via

13,alphago,Got reader letter saying English article could find Lee 's latest play AI Gues

14,alphago,Damn He beat AlphaGo

15,alphago,South Korean world champion ancient Chinese board game defeated first three

16,alphago,Congrats toTejavi Kumar Robotics FTC Rookie team AlphaGo 1st place win competing two

17,alphago,Game Changer simply best book I 've read year It 's one exciting stories ever

18,alphago,South Korean world champion ancient Chinese board game defeated first three

19,alphago,My answer Why China originally plan broadcast Google 's AlphaGo match Ke Jie pulled broadc

20,alphago,South Korean world champion ancient Chinese board game defeated first three

21,alphago,vs 2nd vs bette

22,alphago,China absolutely kick America 's ass AI America n't get shit together AlphaGo beating Go world

23,alphago,Deep Learning AlphaGo Zero Explained In One Picture

24,alphago,Lee Se Dol Revealed That He Lost 7 kg When He Was Playing Alpha Go

25,alphago,amp AI game-playing programs trained Monte Carlo tree search whose roots adaptive multistag

26,alphago,amp AI game-playing programs trained Monte Carlo tree search whose roots adaptiv

27,alphago,This comes weeks Lee Sedol quit professional Go AlphaGo `` defeated ''

28,alphago,Go Champion Lee Sedol Known Rivaling AlphaGo Beat AI New Game

29,alphago,Human vs. AI Board Game Champ Who Surrendered Google Beats AI Surprise Game

30,alphago,The board game Go possible moves game total number atoms universe The AI progra

31,alphago,Because Lee next match even match There 5 matches In even match handicaps L

32,alphago,Just watched inspiring Documentary AlphaGo Google DeepMind 's AI program beat world 's best player

33,alphago,Even 2 stones advantage Lee expected lose top pros lost AI But match

34,alphago,South Korean world champion ancient Chinese board game defeated first three

35,alphago,Like match AlphaGo Lee 's retirement match also deeply emotional In pro go circuit retire

36,alphago,South Korean world champion ancient Chinese board game defeated first three

37,alphago,Game Changer simply best book I 've read year It 's one exciting stories ever

38,alphago,South Korean world champion ancient Chinese board game defeated first three

39,alphago,champion player retired He 18 international titles lost His parting quote

40,alphago,champion player retired He 18 international titles lost His parting

41,alphago,South Korean world champion ancient Chinese board game defeated first three

42,alphago,South Korean world champion ancient Chinese board game defeated first three

43,alphago,South Korean world champion ancient Chinese board game defeated first three

44,alphago,South Korean world champion ancient Chinese board game defeated first th

45,alphago,So still behind several years ago

46,alphago,Just watched inspiring Documentary AlphaGo Google DeepMind 's AI program beat world 's best player

47,alphago,vs vs better The fir

48,alphago,Korea 's all-time Go master Lee Se-dol beat game opponent powered locally developed artificial

49,alphago,Deep Reinforcement Learning Hands-On Apply modern RL methods deep Q-networks value iteration policy gradients

Index,Keyword,Tweets

0,artifical intelligence,Artificial Intelligence technologies really start impact day day quite surprising much te

1,artifical intelligence,How using Artifical Intelligence help businesses across grow

2,artifical intelligence,`` Artifical Intelligence '' usually pretty unintelligent see Internet ads example knew Siri recommend

3,artifical intelligence,My latest academia opinion contribution gt How artifical intelligence helps fight neurological

4,artifical intelligence,My latest academia opinion contribution gt How artifical intelligence helps fight neurological

5,artifical intelligence,Artificial Intelligence technologies really start impact day day quite surprising much te

6,artifical intelligence,Artificial Intelligence technologies really start impact day day quite surprising muc

7,artifical intelligence,A festive full room talk Artifical Intelligence clinical decision making In summary ful

8,artifical intelligence,How Israel financial tech boosting investment world using AI via

9,artifical intelligence,As long Martin Luther Kings birthday celebrated artifical intelligence Dream based

10,artifical intelligence,soul artifical intelligence void overrule reconstruct lest recite John 316 King Ja

11,artifical intelligence,How Israel financial tech boosting investment world using AI via

12,artifical intelligence,How Israel financial tech boosting investment world using AI via

13,artifical intelligence,My latest academia opinion contribution gt How artifical intelligence helps fight neurological

14,artifical intelligence,My latest academia opinion contribution gt How artifical intelligence helps fight neurological

15,artifical intelligence,My latest academia opinion contribution gt How artifical intelligence helps fight neurological

16,artifical intelligence,My latest academia opinion contribution gt How artifical intelligence helps fight neurological

17,artifical intelligence,My latest academia opinion contribution gt How artifical intelligence helps fight neurological

18,artifical intelligence,My latest academia opinion contribution gt How artifical intelligence helps fight n

19,artifical intelligence,AWS Fargate runs Artifical Intelligence Machine Learning Deep learning applications Seamless scaling

20,artifical intelligence,How Israel financial tech boosting investment world using AI via

21,artifical intelligence,A festive full room talk Artifical Intelligence clinical decision making In summary ful

22,artifical intelligence,A festive full room talk Artifical Intelligence clinical decision making In summary ful

23,artifical intelligence,A festive full room talk Artifical Intelligence clinical decision making In summary ca

24,artifical intelligence,How artifical intelligence helps fight

25,artifical intelligence,Should great course year New learning lab hands 3 D echo cropping Structural Valve debat

26,artifical intelligence,Should great course year New learning lab hands 3 D echo cropping Structural Valve

27,artifical intelligence,A/D/O magazine

28,artifical intelligence,How Israel financial tech boosting investment world using AI via

29,artifical intelligence,How Israel financial tech boosting investment world using AI via

30,artifical intelligence,How artifical intelligence helps fight neurological disorders

31,artifical intelligence,How artifical intelligence helps fight neurological disorders

32,artifical intelligence,Do n't shy Score job like `` Machine Learning/Artifical Intelligence Engineer 76096 '' AMD asking refe

33,artifical intelligence,A/D/O magazine

34,artifical intelligence,From toasters Simulants 's something artifical `` intelligence '' 's history

35,artifical intelligence,From toasters Simulants 's something artifical `` intelligence '' 's history

36,artifical intelligence,A/D/O magazine

37,artifical intelligence,Finally Artifical Intelligence make wonder one real Coming soon

38,artifical intelligence,Learn understand holistic approach solving problem go beyond feature matching curated course f

39,artifical intelligence,Should artificial intelligence `` live '' alongside humans learn values A world-leading expert Ar

40,artifical intelligence,Learn understand holistic approach solving problem go beyond feature matching curated course f

41,artifical intelligence,Learn understand holistic approach solving problem go beyond feature matching curated course f

42,artifical intelligence,Learn understand holistic approach solving problem go beyond feature matching curated co

43,artifical intelligence,Do n't submit quit Apply jobs like `` Artifical Intelligence/Natural Language Processing Data Scientist ... ''

44,artifical intelligence,Dive world evil artifical intelligence google youtube empirah term

45,artifical intelligence,1 AI Artifical Intelligence 2 Jurassic Park 3 Minority Report 4 The Adventures Tintin 5 Jaws

46,artifical intelligence,I think experts artific

47,artifical intelligence,Machine learning artifical intelligence made everything else classical Either upgrade get

48,artifical intelligence,A/D/O magazine

49,artifical intelligence,If 're unhappy RMS n't know RMS definitely save seat workshop

Index,Keyword,Tweets

0,Deep mind,Tell love unless feel mind-blowing chemistry makes feel mentally physically aroused

1,Deep mind,deep love mind race

2,Deep mind,Tell love unless feel mind-blowing chemistry makes feel mentally physically arous

3,Deep mind,I think deep scares people I spend time sitting surface mind I really want

4,Deep mind,I suspect -and suspicion mind -that claim values amp tenets Christiani

5,Deep mind,LMAO HERE S AN EXAMPLE OF A LIBTARD SNOWFLAKE LOSING HIS MIND OVER THE WHITEHOUSE CHRISTMAS CARD BUT NOT WASTING A MIN TO LIE

6,Deep mind,Good morning I hope 've great week It 's almost weekend take deep breath kick Friday 's ass

7,Deep mind,Sarah needs put foot tell Eric shut fuck I tired bitch ass In mind

8,Deep mind,coming home soon arranged If PM Aust cant arrange plane ticket NOW coul

9,Deep mind,I deep conversations reassurance tell mind tell feel

10,Deep mind,LMAO HERE S AN EXAMPLE OF A LIBTARD SNOWFLAKE LOSING HIS MIND OVER THE WHITEHOUSE CHRISTMAS CARD BUT NOT WASTING A MIN TO LIE

11,Deep mind,Smoking enhances mind ... .deep

12,Deep mind,I deep conversations reassurance tell mind tell feel

13,Deep mind,Taking 15 deep breaths bed helps release stress improve sleep calm mind boost immunity

14,Deep mind,mind one gon na lie

15,Deep mind,Deep Mind Al Deepmind Delaware Company offices Alphabet

16,Deep mind,Good morning I hope 've great week It 's almost weekend take deep breath kick Friday 's ass

17,Deep mind,Her mind doth feel heart doth know So kind deep eloquent Her smile warm face aglow Of count

18,Deep mind,Day 139 Deep inside mind ill youll mine

19,Deep mind,At point I honestly remember women like men I get deep mind passions amp fantasies

20,Deep mind,`` SOMETIMES DEEP INSIDE MY MIND ... WAY BEYOND RHYMES I THINK ABOUT LIFE AND HOW TO GET IT RIGHT I 'M THINKING I MIGHT

21,Deep mind,Sad His mind must 've slipping end If

22,Deep mind,And alone home deep thought mind

23,Deep mind,LMAO HERE S AN EXAMPLE OF A LIBTARD SNOWFLAKE LOSING HIS MIND OVER THE WHITEHOUSE CHRISTMAS CARD BUT NOT WASTING A MIN TO LIE

24,Deep mind,I took actions granted I decided fall likes The type never give

25,Deep mind,tch.. lt scoffed moment muku stopped hands took really deep breath gt

26,Deep mind,love strong love great endless search perfect mate love hard love deep unspoken words pr

27,Deep mind,I CANT SLEEP AT NIGHT WHEN YOU ARE ON MY MIND BOBBY WOMACKS ON THE RADIO S

28,Deep mind,Greatness cost It reschedules plans put family amp friends hold makes feel misund

29,Deep mind,Thrilled debut trailer Freak Flag Flying 5-part deep dive mind soul history

30,Deep mind,stan Jongin 's mind deep beautiful poetic side ahh.. definitely need magazines

31,Deep mind,Absolutely delighted burrowed deep within montage ... mind sitting next legendary probably

32,Deep mind,Okay obviously hermione isnt representation trans experience minority I well aware never cros

33,Deep mind,Absolutely delighted burrowed deep within montage ... mind sitting next legendary pro

34,Deep mind,This well deep end makes quite clear would n't mind civil war Also

35,Deep mind,My mind gone I 'm spinning round And deep inside tears I 'll drown

36,Deep mind,LMAO HERE S AN EXAMPLE OF A LIBTARD SNOWFLAKE LOSING HIS MIND OVER THE WHITEHOUSE CHRISTMAS CARD BUT NOT WASTING A MIN TO LIE

37,Deep mind,Sometimes mind n't want love deep know

38,Deep mind,Deep Mind Al Deepmind Delaware Company offices

39,Deep mind,wishing best season bit deep even 're religious hopefulness consolation good compa

40,Deep mind,Take deep breath You access breath anywhere first date test big presentation tough conversation

41,Deep mind,Nu air Zimmer ft Fhin Lost Your Mind

42,Deep mind,Ah kids Live long enough every artist author love let dig deep Or ... Y know

43,Deep mind,Excited share epic deep-dive much-maligned I think extraordinary piece work Have listen ope

44,Deep mind,I deep conversations reassurance tell mind tell feel

45,Deep mind,Is waiting The Witcher 3 stressing take deep breath meditate Geralt ease mind

46,Deep mind,I ... .. Uh ... My conscious mind knows somehow wrong dem deep inside I know I relate Exce

47,Deep mind,I think V-Dan never agree TOP MEDIA 's mind If I express deep regret kind fan mind

48,Deep mind,I CANT SLEEP AT NIGHT WHEN YOU ARE ON MY MIND BOBBY WOMACKS ON THE RADIO S

49,Deep mind,These young gentlemen seem mind deep snow bitter cold Summit County Colorado Steve Joh

Index,Keyword,Tweets

0,Sophia,Thankyou making birthday extra special I 'm blessed sophia I love much 12.20.19

1,Sophia,Who Sophia Gappola

2,Sophia,Can

3,Sophia,It passed House without change Senate I guess need

4,Sophia,Sometimes get caught end goal forget important enjoy process Every seco

5,Sophia,Thankyou making birthday extra special I 'm blessed sophia I love much 12.20.19

6,Sophia,NAME DROP 1 Chard 2 Chard 3 Ryan 4. twpaper ins bryden 5. mama 6 Heart 7 Sophia 8 Sophia 9 Lst year 's cls

7,Sophia,depression n't beautiful fucking aesthetic depression ugly 's raw 's overwhelming 'll leave bed fo

8,Sophia,

9,Sophia,Tough resilient road win Aztecs Sophia Ramos career-high 30 points Baylee Vanderdoes tied career-hi

10,Sophia,Sophia Just Put Me Here Best Song omggggggg

11,Sophia,Thnx today

12,Sophia,parents used ask permission go

13,Sophia,Tough resilient road win Aztecs Sophia Ramos career-high 30 points Baylee Vanderdoes tied career-hi

14,Sophia,Have watched recap video Learn challenges experts face everyday fight c

15,Sophia,Sophia good someone give hug pls

16,Sophia,I 'm honestly becoming desperate see every time I see review

17,Sophia,wyatt sophia nation trailer b like

18,Sophia,Hello Sophia Happy Friday My friend

19,Sophia,The new holiday card Who says Well except maybe Barry ... Jack.. Brick ... Sophia ... Emerson ... Cealey ...

20,Sophia,fascinated severe reviews makes nearly want see despite knowing nothing

21,Sophia,Loosing dad I 16 one hardest thing go lost mum last night I e

22,Sophia,Thanks Thanks another amazing year fighting SOPHIA AIRE 2020

23,Sophia,Miguel If cash I 'll rubber band You match ... I 'll fuse- Me

24,Sophia,fuck impeachment remember north korea said Christmas gift USA

25,Sophia,Duck Yells At Own Ass revisited Sophia Grace 2019

26,Sophia,

27,Sophia,sophia tarot please

28,Sophia,big head birthday tomorrow I

29,Sophia,4 years

30,Sophia,I strong enough take things lighter I fighter I raise eyebrows tell troubles Allah enoug

31,Sophia,fan Jollibee pero could disagree Jollibee Tala lit NOW I STAN

32,Sophia,Mumbai Students interacted Dr. Nagaraj B. got opport

33,Sophia,word missing Van Drew `` blue '' state sorry

34,Sophia,Duck Yells At Own Ass revisited Sophia Grace 2019

35,Sophia,Watched black Christmas trailer came Saw Taylor almost cried I mean I watched

36,Sophia,Well anyways game I wrote cis trans women finding common cause struggling oppressive

37,Sophia,My first gig editor newsletter co-editing Jessica Ordemann amp great team Cassandra En

38,Sophia,I 'm Mississippi Democrat Manchin 's case little different He 's actually

39,Sophia,Duck Yells At Own Ass revisited Sophia Grace 2019

40,Sophia,Sophia `` F '' Xodus ON MY OWN

41,Sophia,to-be-unfriended challenge CHAR hahahaha

42,Sophia,maybe morning I sleep deprived I laughing entrepreneurial one three adjec

43,Sophia,Mens RAF Real Fur Shearling Sheepskin Flying Leather Jacket

44,Sophia,I jest course

45,Sophia,Thanks point exactly Personally I 'm aware brain autopsy Sophia Mirza UK I think br

46,Sophia,sleepy vibe

47,Sophia,What want us Easy ... Whore bedroom Angel In Kitchen ... ... .. simples

48,Sophia,My Fave Interviews 2019 Vanessa Hudgens Hal Linden Mandy Gonzalez Norm Lewis Christian Borle Sophia Ann Ca

49,Sophia,Between Kai Loren son Sophia Man Delorean parked man garage man cave someone real

